{
  "openapi": "3.0.0",
  "info": {
    "title": "Dheeran Finance",
    "description": "This is a api for dheeran Project on pheonixsolutions.",
    "version": "1.0.0",
    "contact": {
      "name": "Pheonixsolutions",
      "email": "dev@pheonixsolutions.com",
      "url": "https://pheonixsolutions.com/"
    }
  },
  "servers": [
    {
      "url": "https://dapifinance.pheonixsolutions.com",
      "description": "Live server"
    },
    {
      "url": "http://localhost:3000",
      "description": "Local server"
    }
  ],
  "tags": [
    {
      "name": "Customers"
    },
    {
      "name": "Loans"
    },
    {
      "name": "Customer Lists"
    },
    {
      "name": "Master Voucher Book"
    },
    {
      "name": "Daily Collections"
    },
    {
      "name": "Monthly Collections"
    },
    {
      "name": "Customer Profile"
    },
    {
      "name": "Authorization"
    }
  ],
  "paths": {
    "/createcustomer": {
      "post": {
        "tags": [
          "Customers"
        ],
        "description": "Add Customers",
        "operationId": "addcustomer",
        "parameters": [],
        "requestBody": {
          "content": {
            "application/json": {
              "schema": {
                "$ref": "#/components/schemas/Customer"
              }
            }
          }
        },
        "responses": {
          "200": {
            "description": "Created Success"
          },
          "401": {
            "description": "Authorization Token Missing"
          },
          "422": {
            "description": "ValidationError"
          },
          "500": {
            "description": "Server Error"
          }
        },
        "security": [
          {
            "api_key": []
          }
        ]
      }
    },
    "/getcustomers": {
      "get": {
        "tags": [
          "Customers"
        ],
        "description": "Get All customers",
        "operationId": "getcustomer",
        "parameters": [],
        "responses": {
          "200": {
            "description": "Fetched Success",
            "content": {
              "application/json": {}
            }
          },
          "401": {
            "description": "Authorization Token Missing"
          }
        },
        "security": [
          {
            "api_key": []
          }
        ]
      }
    },
    "/deletecustomer/{_id}": {
      "delete": {
        "tags": [
          "Customers"
        ],
        "description": "Deleting the Customer details",
        "operationId": "deletecustomer:/id",
        "parameters": [
          {
            "name": "_id",
            "in": "path",
            "required": true,
            "description": "Deleting a Customer details",
            "schema": {
              "type": "string",
              "example": "63104496aa8bb7de62e7be0a"
            }
          }
        ],
        "responses": {
          "200": {
            "description": "Deleted Success"
          },
          "401": {
            "description": "Authorization Token Missing"
          },
          "404": {
            "description": "Data not found"
          },
          "500": {
            "description": "Server Error"
          }
        },
        "security": [
          {
            "api_key": []
          }
        ]
      }
    },
    "/createloan": {
      "post": {
        "tags": [
          "Loans"
        ],
        "description": "Add Loans",
        "operationId": "addloan",
        "parameters": [],
        "requestBody": {
          "content": {
            "application/json": {
              "schema": {
                "$ref": "#/components/schemas/Loan"
              }
            }
          }
        },
        "responses": {
          "200": {
            "description": "Created Success"
          },
          "401": {
            "description": "Authorization Token Missing"
          },
          "422": {
            "description": "ValidationError"
          },
          "500": {
            "description": "Server Error"
          }
        },
        "security": [
          {
            "api_key": []
          }
        ]
      }
    },
    "/getloans": {
      "get": {
        "tags": [
          "Loans"
        ],
        "description": "Get All Loans",
        "operationId": "getloans",
        "parameters": [],
        "responses": {
          "200": {
            "description": "Fetched Success",
            "content": {
              "application/json": {}
            }
          },
          "401": {
            "description": "Authorization Token Missing"
          }
        },
        "security": [
          {
            "api_key": []
          }
        ]
      }
    },
   
    "/getcustomer-lists": {
      "get": {
        "tags": [
          "Customer Lists"
        ],
        "description": "Get Customers Lists",
        "operationId": "getcustomer-lists",
        "parameters": [],
        "responses": {
          "200": {
            "description": "Fetched Success",
            "content": {
              "application/json": {}
            }
          },
          "401": {
            "description": "Authorization Token Missing"
          }
        },
        "security": [
          {
            "api_key": []
          }
        ]
      }
    },
    "/updatecustomer": {
      "patch": {
        "tags": [
          "Customer Lists"
        ],
        "description": "Update Customers Lists",
        "operationId": "updatecustomer-list",
        "parameters": [],
        "requestBody": {
          "content": {
            "application/json": {
              "schema": {
                "type": "object",
                "properties": {
                  "cust_id": {
                    "type": "string",
                    "example": "63281b5b6143c5a418123ddb"
                  },
                  "phone_number": {
                    "type": "number",
                    "example": 6374589656
                  },
                  "address": {
                    "type": "string",
                    "example": "COIMBATORE"
                  }
                }
              }
            }
          }
        },
        "responses": {
          "200": {
            "description": "Update Success"
          },
          "400": {
            "description": "Invalid Loan Id"
          },
          "401": {
            "description": "Authorization Token Missing"
          },
          "404": {
            "description": "Data not found"
          },
          "500": {
            "description": "Server Error"
          }
        },
        "security": [
          {
            "api_key": []
          }
        ]
      }
    },
    "/deleteloan/{_id}": {
      "delete": {
        "tags": [
          "Customer Lists"
        ],
        "description": "Deleting a Customer List Loan details",
        "operationId": "deleteloan:/id",
        "parameters": [
          {
            "name": "_id",
            "in": "path",
            "required": true,
            "description": "Deleting a Customer List Loan details",
            "schema": {
              "type": "string",
              "example": "63104496aa8bb7de62e7be0a"
            }
          }
        ],
        "responses": {
          "200": {
            "description": "Deleted Success"
          },
          "401": {
            "description": "Authorization Token Missing"
          },
          "404": {
            "description": "Data not found"
          },
          "500": {
            "description": "Server Error"
          }
        },
        "security": [
          {
            "api_key": []
          }
        ]
      }
    },
    "/getmaster-voucherbook": {
      "get": {
        "tags": [
          "Master Voucher Book"
        ],
        "description": "Get Master Voucher Book Details",
        "operationId": "getmaster-voucherbook",
        "parameters": [],
        "responses": {
          "200": {
            "description": "Fetched Success",
            "content": {
              "application/json": {}
            }
          },
          "401": {
            "description": "Authorization Token Missing"
          }
        },
        "security": [
          {
            "api_key": []
          }
        ]
      }
    },
    "/adddailycollection": {
      "post": {
        "tags": [
          "Daily Collections"
        ],
        "description": "Add Daily Collections",
        "operationId": "adddailycollection",
        "parameters": [],
        "requestBody": {
          "content": {
            "application/json": {
              "schema": {
                "$ref": "#/components/schemas/Daily_Collections"
              }
            }
          }
        },
        "responses": {
          "200": {
            "description": "Created Success"
          },
          "401": {
            "description": "Authorization Token Missing"
          },
          "422": {
            "description": "ValidationError"
          },
          "500": {
            "description": "Server Error"
          }
        },
        "security": [
          {
            "api_key": []
          }
        ]
      }
    },
    "/getdailycollections": {
      "post": {
        "tags": [
          "Daily Collections"
        ],
        "description": "Get Daily Collections",
        "operationId": "getdailycollections",
        "parameters": [],
        "requestBody": {
          "content": {
            "application/json": {
              "schema": {
                "type": "object",
                "properties": {
                  "loan_id": {
                    "type": "string",
                    "example": "6329607521386091036ca69e"
                  }
                }
              }
            }
          }
        },
        "responses": {
          "200": {
            "description": "Fetched Success",
            "content": {
              "application/json": {}
            }
          },
          "401": {
            "description": "Authorization Token Missing"
          }
        },
        "security": [
          {
            "api_key": []
          }
        ]
      }
    },
   
    "/addmonthlyloan": {
      "post": {
        "tags": [
          "Monthly Collections"
        ],
        "description": "Add Monthly Collections",
        "operationId": "addmonthlyloan",
        "parameters": [],
        "requestBody": {
          "content": {
            "application/json": {
              "schema": {
                "$ref": "#/components/schemas/Monthly_Collections"
              }
            }
          }
        },
        "responses": {
          "200": {
            "description": "Created Success"
          },
          "401": {
            "description": "Authorization Token Missing"
          },
          "422": {
            "description": "ValidationError"
          },
          "500": {
            "description": "Server Error"
          }
        },
        "security": [
          {
            "api_key": []
          }
        ]
      }
    },
    "/getmonthlyloans": {
      "post": {
        "tags": [
          "Monthly Collections"
        ],
        "description": "Get Monthly Collections",
        "operationId": "getmonthlyloans",
        "parameters": [],
        "requestBody": {
          "content": {
            "application/json": {
              "schema": {
                "type": "object",
                "properties": {
                  "loan_id": {
                    "type": "string",
                    "example": "6329607521386091036ca69e"
                  }
                }
              }
            }
          }
        },
        "responses": {
          "200": {
            "description": "Fetched Success",
            "content": {
              "application/json": {}
            }
          },
          "401": {
            "description": "Authorization Token Missing"
          }
        },
        "security": [
          {
            "api_key": []
          }
        ]
      }
    },
  
    "/getcustomer-profile": {
      "post": {
        "tags": [
          "Customer Profile"
        ],
        "description": "Get Customer Profile",
        "operationId": "getcustomer-profile",
        "parameters": [],
        "requestBody": {
          "content": {
            "application/json": {
              "schema": {
                "type": "object",
                "properties": {
                  "cust_id": {
                    "type": "string",
                    "example": "6329393f6e625154617272cb"
                  },
                  "loan_id": {
                    "type": "string",
                    "example": "632939496e625154617272cd"
                  }
                }
              }
            }
          }
        },
        "responses": {
          "200": {
            "description": "Fetched Success",
            "content": {
              "application/json": {}
            }
          },
          "401": {
            "description": "Authorization Token Missing"
          }
        },
        "security": [
          {
            "api_key": []
          }
        ]
      }
    },
    "/getmonthlyloan-ledger": {
      "post": {
        "tags": [
          "Master Voucher Book"
        ],
        "description": "Get Monthly Loan Ledger",
        "operationId": "getmonthlyloan-ledger",
        "parameters": [],
        "requestBody": {
          "content": {
            "application/json": {
              "schema": {
                "type": "object",
                "properties": {
                  "loan_type": {
                    "type": "string",
                    "example": "MONTHLY INTEREST"
                  }
                }
              }
            }
          }
        },
        "responses": {
          "200": {
            "description": "Fetched Success",
            "content": {
              "application/json": {}
            }
          },
          "401": {
            "description": "Authorization Token Missing"
          }
        },
        "security": [
          {
            "api_key": []
          }
        ]
      }
    },
    "/getdailyloan-ledger": {
      "post": {
        "tags": [
          "Master Voucher Book"
        ],
        "description": "Get Daily Loan Ledger",
        "operationId": "getdailyloan-ledger",
        "parameters": [],
        "requestBody": {
          "content": {
            "application/json": {
              "schema": {
                "type": "object",
                "properties": {
                  "loan_type": {
                    "type": "string",
                    "example": "DAILY COLLECTIONS"
                  }
                }
              }
            }
          }
        },
        "responses": {
          "200": {
            "description": "Fetched Success",
            "content": {
              "application/json": {}
            }
          },
          "401": {
            "description": "Authorization Token Missing"
          }
        },
        "security": [
          {
            "api_key": []
          }
        ]
      }
    },
    "/auth": {
      "post": {
        "tags": [
          "Authorization"
        ],
        "description": "Generate Authorization Token",
        "operationId": "auth",
        "parameters": [],
        "responses": {
          "200": {
            "description": "Success"
          },
          "404": {
            "description": "Data not found"
          },
          "500": {
            "description": "Server Error"
          }
        }
      }
    }
  },
  "components": {
    "securitySchemes": {
      "api_key": {
        "type": "apiKey",
        "name": "Authorization",
        "in": "header",
        "description": "API Key"
      }
    },
    "schemas": {
      "Customer": {
        "type": "object",
        "required": [
          "customer_name",
          "customer_id",
          "phone_number",
          "address",
          "business"
        ],
        "properties": {
          "customer_name": {
            "type": "string",
            "example": "SATHISH"
          },
          "customer_id": {
            "type": "number",
            "example": 10
          },
          "phone_number": {
            "type": "number",
            "example": 9842291682
          },
          "address": {
            "type": "string",
            "example": "INDIA"
          },
          "business": {
            "type": "string",
            "example": "WORK"
          }
        },
        "xml": {
          "name": "Customer"
        }
      },
      "Loan": {
        "type": "object",
        "required": [
          "cust_id",
          "loan_type",
          "loan_no",
          "voucher_no",
          "loan_date",
          "amount",
          "interest",
          "duration",
          "daily_amount"
        ],
        "properties": {
          "cust_id": {
            "type": "string",
            "example": "632167117dcf4433eef88f8a"
          },
          "loan_type": {
            "type": "string",
            "example": "MONTHLY INTEREST"
          },
          "loan_no": {
            "type": "number",
            "example": 72
          },
          "loan_date": {
            "type": "string",
            "example": "2021-02-27"
          },
          "voucher_no": {
            "type": "number",
            "example": 72
          },
          "amount": {
            "type": "number",
            "example": 10000
          },
          "interest": {
            "type": "number",
            "example": 0
          },
          "duration": {
            "type": "string",
            "example": "6 MONTHS"
          },
          "daily_amount": {
            "type": "number",
            "example": 150
          }
        },
        "xml": {
          "name": "Loan"
        }
      },
      "Customer_List": {
        "type": "object",
        "properties": {
          "customer_id": {
            "type": "number",
            "example": 72
          },
          "phone_number": {
            "type": "number",
            "example": 9876542586
          },
          "customer_name": {
            "type": "string",
            "example": "SATHISH"
          },
          "address": {
            "type": "string",
            "example": "INDIA"
          },
          "business": {
            "type": "string",
            "example": "BUSINESS"
          },
          "voucher_no": {
            "type": "number",
            "example": 72
          },
          "loan_no": {
            "type": "number",
            "example": 72
          },
          "loan_type": {
            "type": "string",
            "example": "MONTHLY INTEREST"
          }
        },
        "xml": {
          "name": "Customer_List"
        }
      },
      "Master_Voucher_Book": {
        "type": "object",
        "properties": {
          "customer_name": {
            "type": "string",
            "example": "SATHISH"
          },
          "voucher_no": {
            "type": "number",
            "example": 72
          },
          "loan_no": {
            "type": "number",
            "example": 72
          },
          "loan_date": {
            "type": "string",
            "example": "2021-02-27"
          },
          "loan_type": {
            "type": "string",
            "example": "MONTHLY INTEREST"
          },
          "amount": {
            "type": "number",
            "example": 10000
          }
        },
        "xml": {
          "name": "Master_Voucher_Book"
        }
      },
      "Daily_Collections": {
        "type": "object",
        "properties": {
          "loan_id": {
            "type": "string",
            "example": "632940a8d726563f08d51656"
          },
          "due_date": {
            "type": "string",
            "example": "2021-02-27"
          },
          "installment": {
            "type": "number",
            "example": 1
          },
          "due_paying_amount": {
            "type": "number",
            "example": 150
          },
          "balance_amount": {
            "type": "number",
            "example": 0
          },
          "total_paid_amount": {
            "type": "number",
            "example": 0
          },
          "to_be_collect": {
            "type": "number",
            "example": 0
          },
          "collected_by": {
            "type": "string",
            "example": "SATHISH"
          }
        },
        "xml": {
          "name": "Daily_Collections"
        }
      },
      "Monthly_Collections": {
        "type": "object",
        "required": [
          "loan_id",
          "date",
          "month",
          "capital",
          "collected_by"
        ],
        "properties": {
          "loan_id": {
            "type": "string",
            "example": "632940a8d726563f08d51656"
          },
          "date": {
            "type": "string",
            "example": "2021-02-27"
          },
          "month": {
            "type": "string",
            "example": "BY CASH"
          },
          "interest_amount": {
            "type": "number",
            "example": 0
          },
          "capital": {
            "type": "number",
            "example": 500
          },
          "balance": {
            "type": "number",
            "example": 0
          },
          "paid_amount": {
            "type": "number",
            "example": 0
          },
          "collected_by": {
            "type": "string",
            "example": "SATHISH"
          }
        },
        "xml": {
          "name": "Monthly_Collections"
        }
      },
      "Customer_Profile": {
        "type": "object",
        "required": [
          "loan_id",
          "due_date",
          "installment",
          "due_paying_amount",
          "total_paid_amount",
          "to_be_collect",
          "collected_by"
        ],
        "properties": {
          "customer_name": {
            "type": "string",
            "example": "SATHISH"
          },
          "customer_id": {
            "type": "number",
            "example": 15
          },
          "phone_number": {
            "type": "number",
            "example": 8883382949
          },
          "address": {
            "type": "string",
            "example": "INDIA"
          },
          "business": {
            "type": "string",
            "example": "WORK"
          },
          "loan_no": {
            "type": "number",
            "example": 15
          },
          "loan_type": {
            "type": "string",
            "example": "MONTHLY INTEREST"
          },
          "amount": {
            "type": "number",
            "example": 25000
          },
          "pending_amount": {
            "type": "number",
            "example": 15000
          },
          "paid_amount": {
            "type": "number",
            "example": 10000
          },
          "status": {
            "type": "string",
            "example": ""
          }
        },
        "xml": {
          "name": "Customer_Profile"
        }
      }
    }
  }
}